precision,recall,f1-score,support
0.0,0.0,0.0,6.0
1.0,1.0,1.0,7.0
1.0,0.8333333333333334,0.9090909090909091,6.0
1.0,1.0,1.0,7.0
1.0,0.6666666666666666,0.8,3.0
1.0,0.7142857142857143,0.8333333333333333,7.0
1.0,1.0,1.0,4.0
1.0,0.75,0.8571428571428571,4.0
1.0,1.0,1.0,13.0
1.0,0.75,0.8571428571428571,4.0
1.0,0.42857142857142855,0.6,7.0
1.0,1.0,1.0,3.0
1.0,0.75,0.8571428571428571,12.0
1.0,0.6666666666666666,0.8,9.0
1.0,0.8,0.888888888888889,5.0
1.0,1.0,1.0,5.0
1.0,0.6666666666666666,0.8,3.0
1.0,0.75,0.8571428571428571,8.0
1.0,1.0,1.0,5.0
1.0,0.7142857142857143,0.8333333333333333,7.0
1.0,1.0,1.0,2.0
0.0,0.0,0.0,4.0
1.0,0.16666666666666666,0.2857142857142857,6.0
1.0,1.0,1.0,2.0
0.0,0.0,0.0,4.0
1.0,0.4,0.5714285714285715,5.0
1.0,1.0,1.0,2.0
1.0,0.5,0.6666666666666666,4.0
0.0,0.0,0.0,7.0
1.0,0.7142857142857143,0.8333333333333333,7.0
1.0,1.0,1.0,5.0
1.0,0.6,0.7499999999999999,10.0
1.0,0.625,0.7692307692307693,8.0
0.0,0.0,0.0,4.0
1.0,0.3333333333333333,0.5,6.0
1.0,0.5,0.6666666666666666,4.0
1.0,1.0,1.0,4.0
1.0,0.75,0.8571428571428571,4.0
0.0,0.0,0.0,1.0
1.0,1.0,1.0,5.0
0.0,0.0,0.0,5.0
1.0,1.0,1.0,6.0
1.0,1.0,1.0,5.0
1.0,0.14285714285714285,0.25,7.0
1.0,0.16666666666666666,0.2857142857142857,6.0
1.0,0.25,0.4,4.0
1.0,0.75,0.8571428571428571,4.0
1.0,0.3333333333333333,0.5,6.0
1.0,1.0,1.0,3.0
1.0,0.3333333333333333,0.5,3.0
1.0,0.5,0.6666666666666666,2.0
1.0,1.0,1.0,6.0
1.0,1.0,1.0,4.0
1.0,1.0,1.0,7.0
1.0,1.0,1.0,1.0
1.0,1.0,1.0,10.0
1.0,0.4,0.5714285714285715,5.0
1.0,0.5714285714285714,0.7272727272727273,7.0
1.0,0.6666666666666666,0.8,6.0
1.0,1.0,1.0,5.0
1.0,0.8333333333333334,0.9090909090909091,6.0
1.0,1.0,1.0,4.0
1.0,1.0,1.0,6.0
1.0,1.0,1.0,4.0
1.0,0.3333333333333333,0.5,6.0
1.0,1.0,1.0,4.0
1.0,1.0,1.0,3.0
1.0,0.8571428571428571,0.923076923076923,7.0
1.0,1.0,1.0,8.0
1.0,1.0,1.0,8.0
1.0,1.0,1.0,5.0
1.0,0.6666666666666666,0.8,3.0
1.0,1.0,1.0,1.0
1.0,0.5,0.6666666666666666,6.0
1.0,1.0,1.0,3.0
1.0,1.0,1.0,2.0
1.0,1.0,1.0,3.0
1.0,0.8571428571428571,0.923076923076923,7.0
1.0,0.6666666666666666,0.8,3.0
1.0,0.5,0.6666666666666666,2.0
1.0,1.0,1.0,4.0
1.0,1.0,1.0,4.0
1.0,1.0,1.0,6.0
1.0,1.0,1.0,5.0
1.0,1.0,1.0,8.0
1.0,1.0,1.0,3.0
1.0,0.5,0.6666666666666666,6.0
0.0,0.0,0.0,5.0
1.0,1.0,1.0,2.0
1.0,1.0,1.0,4.0
1.0,0.5,0.6666666666666666,2.0
1.0,0.75,0.8571428571428571,4.0
1.0,0.8,0.888888888888889,5.0
1.0,1.0,1.0,8.0
1.0,1.0,1.0,9.0
1.0,0.5,0.6666666666666666,8.0
1.0,0.8,0.888888888888889,5.0
1.0,0.6666666666666666,0.8,6.0
0.0,0.0,0.0,3.0
1.0,0.6,0.7499999999999999,5.0
1.0,0.6666666666666666,0.8,6.0
1.0,0.75,0.8571428571428571,4.0
1.0,0.6666666666666666,0.8,6.0
1.0,1.0,1.0,5.0
1.0,0.5,0.6666666666666666,6.0
1.0,1.0,1.0,4.0
1.0,0.5,0.6666666666666666,4.0
0.8,1.0,0.888888888888889,4.0
0.5,0.5,0.5,4.0
0.0,0.0,0.0,6.0
1.0,0.6666666666666666,0.8,3.0
0.0,0.0,0.0,3.0
1.0,1.0,1.0,3.0
1.0,0.6666666666666666,0.8,6.0
1.0,1.0,1.0,3.0
1.0,1.0,1.0,4.0
1.0,1.0,1.0,6.0
1.0,0.75,0.8571428571428571,4.0
0.8333333333333334,1.0,0.9090909090909091,5.0
1.0,1.0,1.0,4.0
1.0,1.0,1.0,2.0
0.8333333333333334,1.0,0.9090909090909091,5.0
1.0,1.0,1.0,2.0
1.0,1.0,1.0,5.0
0.0,0.0,0.0,2.0
1.0,0.6666666666666666,0.8,3.0
1.0,1.0,1.0,6.0
1.0,1.0,1.0,6.0
1.0,1.0,1.0,6.0
1.0,0.875,0.9333333333333333,8.0
1.0,1.0,1.0,3.0
1.0,0.5,0.6666666666666666,8.0
1.0,0.7272727272727273,0.8421052631578948,11.0
1.0,1.0,1.0,5.0
1.0,1.0,1.0,7.0
1.0,1.0,1.0,6.0
1.0,0.5714285714285714,0.7272727272727273,7.0
0.0,0.0,0.0,3.0
1.0,0.5,0.6666666666666666,2.0
1.0,1.0,1.0,4.0
1.0,1.0,1.0,7.0
0.0,0.0,0.0,1.0
1.0,0.5,0.6666666666666666,2.0
1.0,1.0,1.0,8.0
1.0,1.0,1.0,5.0
1.0,0.8333333333333334,0.9090909090909091,6.0
1.0,0.75,0.8571428571428571,4.0
1.0,0.6666666666666666,0.8,3.0
1.0,1.0,1.0,5.0
1.0,1.0,1.0,2.0
1.0,1.0,1.0,4.0
1.0,1.0,1.0,2.0
1.0,1.0,1.0,8.0
1.0,0.4,0.5714285714285715,5.0
1.0,1.0,1.0,11.0
1.0,0.8,0.888888888888889,5.0
1.0,1.0,1.0,4.0
0.0,0.0,0.0,10.0
1.0,1.0,1.0,5.0
1.0,0.8,0.888888888888889,5.0
1.0,0.3333333333333333,0.5,3.0
1.0,1.0,1.0,4.0
1.0,1.0,1.0,5.0
1.0,0.42857142857142855,0.6,7.0
1.0,1.0,1.0,5.0
1.0,1.0,1.0,7.0
1.0,1.0,1.0,7.0
1.0,0.6666666666666666,0.8,3.0
1.0,1.0,1.0,6.0
1.0,1.0,1.0,5.0
1.0,0.875,0.9333333333333333,8.0
1.0,0.6,0.7499999999999999,10.0
0.0,0.0,0.0,7.0
1.0,1.0,1.0,4.0
1.0,1.0,1.0,5.0
1.0,1.0,1.0,4.0
1.0,0.625,0.7692307692307693,8.0
1.0,0.5,0.6666666666666666,4.0
1.0,1.0,1.0,8.0
1.0,1.0,1.0,8.0
1.0,1.0,1.0,6.0
1.0,1.0,1.0,4.0
1.0,1.0,1.0,4.0
1.0,0.16666666666666666,0.2857142857142857,6.0
1.0,1.0,1.0,3.0
1.0,1.0,1.0,2.0
1.0,1.0,1.0,2.0
1.0,1.0,1.0,2.0
1.0,0.875,0.9333333333333333,8.0
1.0,0.5,0.6666666666666666,6.0
1.0,1.0,1.0,2.0
1.0,0.8,0.888888888888889,5.0
1.0,1.0,1.0,6.0
1.0,0.8,0.888888888888889,5.0
1.0,0.75,0.8571428571428571,4.0
1.0,0.8571428571428571,0.923076923076923,7.0
1.0,0.5,0.6666666666666666,2.0
1.0,0.5,0.6666666666666666,2.0
1.0,1.0,1.0,4.0
1.0,0.5,0.6666666666666666,2.0
1.0,1.0,1.0,1.0
1.0,1.0,1.0,6.0
1.0,1.0,1.0,6.0
1.0,1.0,1.0,3.0
1.0,0.7,0.8235294117647058,10.0
1.0,1.0,1.0,3.0
1.0,0.8,0.888888888888889,5.0
1.0,1.0,1.0,5.0
1.0,1.0,1.0,2.0
1.0,1.0,1.0,6.0
1.0,0.8888888888888888,0.9411764705882353,9.0
1.0,0.3333333333333333,0.5,3.0
1.0,1.0,1.0,4.0
1.0,0.5,0.6666666666666666,2.0
0.0,0.0,0.0,1.0
1.0,0.6,0.7499999999999999,5.0
1.0,0.75,0.8571428571428571,4.0
1.0,1.0,1.0,4.0
1.0,1.0,1.0,5.0
1.0,0.3333333333333333,0.5,3.0
1.0,0.25,0.4,4.0
0.0,0.0,0.0,9.0
1.0,0.7142857142857143,0.8333333333333333,7.0
1.0,0.7857142857142857,0.88,14.0
1.0,1.0,1.0,4.0
1.0,1.0,1.0,5.0
1.0,0.8,0.888888888888889,5.0
1.0,1.0,1.0,8.0
1.0,1.0,1.0,3.0
1.0,0.5,0.6666666666666666,6.0
1.0,1.0,1.0,5.0
1.0,0.8571428571428571,0.923076923076923,7.0
0.0,0.0,0.0,7.0
1.0,1.0,1.0,2.0
1.0,1.0,1.0,1.0
1.0,1.0,1.0,5.0
0.0,0.0,0.0,2.0
1.0,1.0,1.0,5.0
1.0,0.8571428571428571,0.923076923076923,7.0
1.0,1.0,1.0,4.0
1.0,1.0,1.0,7.0
1.0,1.0,1.0,6.0
1.0,1.0,1.0,2.0
1.0,1.0,1.0,1.0
1.0,0.5,0.6666666666666666,6.0
1.0,1.0,1.0,4.0
1.0,0.14285714285714285,0.25,7.0
1.0,0.6666666666666666,0.8,3.0
1.0,0.8333333333333334,0.9090909090909091,6.0
1.0,1.0,1.0,6.0
1.0,1.0,1.0,7.0
1.0,0.6666666666666666,0.8,3.0
1.0,0.6666666666666666,0.8,6.0
1.0,1.0,1.0,8.0
0.0,0.0,0.0,5.0
1.0,0.42857142857142855,0.6,7.0
1.0,1.0,1.0,8.0
1.0,0.5454545454545454,0.7058823529411764,11.0
1.0,1.0,1.0,7.0
1.0,1.0,1.0,4.0
1.0,1.0,1.0,4.0
1.0,0.3333333333333333,0.5,3.0
0.0,0.0,0.0,5.0
1.0,1.0,1.0,5.0
1.0,0.6666666666666666,0.8,6.0
1.0,1.0,1.0,4.0
1.0,1.0,1.0,4.0
1.0,0.8888888888888888,0.9411764705882353,9.0
1.0,1.0,1.0,8.0
1.0,1.0,1.0,2.0
1.0,1.0,1.0,3.0
1.0,1.0,1.0,2.0
1.0,1.0,1.0,7.0
1.0,0.6666666666666666,0.8,3.0
1.0,1.0,1.0,3.0
1.0,1.0,1.0,10.0
1.0,1.0,1.0,6.0
1.0,1.0,1.0,4.0
1.0,0.6666666666666666,0.8,3.0
1.0,0.6666666666666666,0.8,6.0
1.0,1.0,1.0,4.0
1.0,1.0,1.0,4.0
1.0,1.0,1.0,6.0
1.0,1.0,1.0,7.0
1.0,0.75,0.8571428571428571,8.0
1.0,0.5,0.6666666666666666,8.0
1.0,1.0,1.0,5.0
1.0,0.3333333333333333,0.5,3.0
1.0,0.8,0.888888888888889,5.0
1.0,1.0,1.0,7.0
1.0,1.0,1.0,4.0
1.0,1.0,1.0,8.0
0.0,0.0,0.0,2.0
1.0,1.0,1.0,7.0
1.0,1.0,1.0,3.0
1.0,1.0,1.0,4.0
1.0,0.8,0.888888888888889,5.0
1.0,1.0,1.0,7.0
1.0,0.2857142857142857,0.4444444444444445,7.0
1.0,1.0,1.0,3.0
1.0,1.0,1.0,2.0
1.0,1.0,1.0,5.0
0.0,0.0,0.0,1.0
0.75,0.5,0.6,6.0
1.0,0.8,0.888888888888889,5.0
1.0,0.6,0.7499999999999999,5.0
1.0,0.75,0.8571428571428571,4.0
1.0,0.5714285714285714,0.7272727272727273,7.0
1.0,1.0,1.0,3.0
1.0,1.0,1.0,6.0
1.0,1.0,1.0,9.0
1.0,1.0,1.0,7.0
1.0,1.0,1.0,6.0
1.0,1.0,1.0,3.0
0.0,0.0,0.0,1.0
1.0,1.0,1.0,4.0
1.0,1.0,1.0,4.0
1.0,0.4,0.5714285714285715,5.0
1.0,1.0,1.0,5.0
1.0,0.3333333333333333,0.5,6.0
1.0,0.625,0.7692307692307693,8.0
1.0,1.0,1.0,1.0
1.0,1.0,1.0,5.0
1.0,1.0,1.0,4.0
1.0,1.0,1.0,7.0
1.0,1.0,1.0,4.0
1.0,0.3333333333333333,0.5,3.0
1.0,0.8333333333333334,0.9090909090909091,6.0
1.0,1.0,1.0,6.0
1.0,1.0,1.0,7.0
1.0,1.0,1.0,4.0
1.0,0.8333333333333334,0.9090909090909091,6.0
1.0,0.5,0.6666666666666666,4.0
1.0,1.0,1.0,4.0
1.0,1.0,1.0,5.0
1.0,1.0,1.0,4.0
1.0,1.0,1.0,5.0
1.0,0.2,0.33333333333333337,5.0
1.0,1.0,1.0,2.0
1.0,1.0,1.0,3.0
1.0,0.3333333333333333,0.5,6.0
1.0,0.7142857142857143,0.8333333333333333,7.0
1.0,0.2,0.33333333333333337,5.0
1.0,0.4444444444444444,0.6153846153846153,9.0
1.0,1.0,1.0,9.0
1.0,1.0,1.0,4.0
1.0,0.7142857142857143,0.8333333333333333,7.0
1.0,1.0,1.0,5.0
1.0,1.0,1.0,5.0
1.0,1.0,1.0,5.0
0.0,0.0,0.0,6.0
1.0,0.75,0.8571428571428571,4.0
0.7,0.5833333333333334,0.6363636363636365,12.0
1.0,1.0,1.0,6.0
0.6666666666666666,1.0,0.8,4.0
1.0,0.8333333333333334,0.9090909090909091,6.0
1.0,1.0,1.0,7.0
1.0,0.5,0.6666666666666666,6.0
1.0,1.0,1.0,3.0
1.0,1.0,1.0,3.0
1.0,0.8333333333333334,0.9090909090909091,6.0
1.0,1.0,1.0,1.0
1.0,1.0,1.0,5.0
1.0,1.0,1.0,7.0
1.0,0.125,0.2222222222222222,8.0
1.0,1.0,1.0,10.0
1.0,0.8,0.888888888888889,5.0
0.0,0.0,0.0,2.0
1.0,0.6666666666666666,0.8,3.0
1.0,1.0,1.0,8.0
1.0,0.6666666666666666,0.8,6.0
1.0,1.0,1.0,10.0
1.0,1.0,1.0,3.0
1.0,1.0,1.0,4.0
0.0,0.0,0.0,2.0
1.0,1.0,1.0,7.0
1.0,1.0,1.0,5.0
1.0,0.8,0.888888888888889,5.0
1.0,0.3333333333333333,0.5,6.0
1.0,1.0,1.0,7.0
1.0,1.0,1.0,4.0
1.0,0.8333333333333334,0.9090909090909091,6.0
1.0,1.0,1.0,9.0
1.0,1.0,1.0,3.0
1.0,0.75,0.8571428571428571,4.0
1.0,0.5,0.6666666666666666,4.0
1.0,1.0,1.0,3.0
1.0,1.0,1.0,4.0
1.0,0.14285714285714285,0.25,7.0
1.0,0.75,0.8571428571428571,4.0
1.0,0.8,0.888888888888889,5.0
1.0,0.3333333333333333,0.5,6.0
0.0,0.0,0.0,4.0
0.0,0.0,0.0,5.0
1.0,1.0,1.0,5.0
1.0,1.0,1.0,8.0
1.0,1.0,1.0,6.0
1.0,1.0,1.0,3.0
1.0,1.0,1.0,3.0
1.0,0.25,0.4,8.0
1.0,0.6666666666666666,0.8,3.0
1.0,0.8333333333333334,0.9090909090909091,6.0
1.0,0.3333333333333333,0.5,9.0
1.0,1.0,1.0,3.0
1.0,0.8,0.888888888888889,5.0
1.0,1.0,1.0,3.0
1.0,1.0,1.0,2.0
1.0,0.5,0.6666666666666666,4.0
1.0,0.6,0.7499999999999999,5.0
1.0,0.6666666666666666,0.8,3.0
1.0,0.6,0.7499999999999999,5.0
1.0,0.3333333333333333,0.5,3.0
1.0,1.0,1.0,2.0
1.0,0.7142857142857143,0.8333333333333333,7.0
1.0,1.0,1.0,4.0
1.0,1.0,1.0,2.0
1.0,1.0,1.0,4.0
1.0,1.0,1.0,6.0
1.0,0.8,0.888888888888889,5.0
1.0,1.0,1.0,8.0
1.0,0.8333333333333334,0.9090909090909091,6.0
1.0,0.5,0.6666666666666666,6.0
1.0,0.5,0.6666666666666666,2.0
1.0,1.0,1.0,1.0
1.0,1.0,1.0,6.0
1.0,1.0,1.0,2.0
1.0,0.6,0.7499999999999999,5.0
1.0,1.0,1.0,5.0
1.0,0.7142857142857143,0.8333333333333333,7.0
1.0,0.3333333333333333,0.5,3.0
1.0,0.625,0.7692307692307693,8.0
1.0,0.5,0.6666666666666666,4.0
1.0,1.0,1.0,1.0
1.0,0.8333333333333334,0.9090909090909091,6.0
1.0,1.0,1.0,8.0
1.0,0.6666666666666666,0.8,6.0
1.0,0.25,0.4,8.0
1.0,1.0,1.0,11.0
1.0,0.8333333333333334,0.9090909090909091,6.0
1.0,1.0,1.0,8.0
1.0,0.25,0.4,4.0
1.0,1.0,1.0,10.0
1.0,0.6666666666666666,0.8,3.0
1.0,1.0,1.0,3.0
1.0,0.42857142857142855,0.6,7.0
1.0,1.0,1.0,3.0
1.0,1.0,1.0,1.0
1.0,1.0,1.0,1.0
0.0,0.0,0.0,5.0
1.0,0.5,0.6666666666666666,4.0
1.0,1.0,1.0,10.0
1.0,0.5,0.6666666666666666,6.0
1.0,1.0,1.0,5.0
1.0,1.0,1.0,4.0
1.0,1.0,1.0,5.0
1.0,0.625,0.7692307692307693,8.0
1.0,0.8571428571428571,0.923076923076923,7.0
1.0,1.0,1.0,5.0
1.0,1.0,1.0,7.0
1.0,1.0,1.0,5.0
0.0,0.0,0.0,3.0
1.0,1.0,1.0,7.0
1.0,1.0,1.0,5.0
1.0,1.0,1.0,6.0
1.0,1.0,1.0,5.0
1.0,1.0,1.0,5.0
1.0,0.5,0.6666666666666666,2.0
0.0,0.0,0.0,3.0
1.0,0.3333333333333333,0.5,6.0
1.0,1.0,1.0,5.0
1.0,1.0,1.0,3.0
1.0,1.0,1.0,6.0
0.8571428571428571,1.0,0.923076923076923,6.0
1.0,0.7142857142857143,0.8333333333333333,7.0
1.0,1.0,1.0,4.0
1.0,1.0,1.0,8.0
1.0,0.4,0.5714285714285715,5.0
1.0,1.0,1.0,5.0
0.0,0.0,0.0,3.0
1.0,0.7142857142857143,0.8333333333333333,7.0
1.0,1.0,1.0,4.0
1.0,0.3333333333333333,0.5,6.0
0.0,0.0,0.0,1.0
1.0,1.0,1.0,6.0
1.0,1.0,1.0,9.0
1.0,0.3333333333333333,0.5,6.0
1.0,0.625,0.7692307692307693,8.0
1.0,0.42857142857142855,0.6,7.0
1.0,1.0,1.0,8.0
1.0,1.0,1.0,4.0
0.0,0.0,0.0,1.0
1.0,1.0,1.0,1.0
1.0,1.0,1.0,2.0
0.0,0.0,0.0,1.0
1.0,0.2857142857142857,0.4444444444444445,7.0
1.0,0.75,0.8571428571428571,8.0
1.0,1.0,1.0,3.0
1.0,1.0,1.0,5.0
1.0,0.6666666666666666,0.8,3.0
1.0,1.0,1.0,5.0
1.0,0.8,0.888888888888889,5.0
0.8571428571428571,0.8571428571428571,0.8571428571428571,7.0
1.0,0.6,0.7499999999999999,5.0
1.0,0.75,0.8571428571428571,4.0
1.0,1.0,1.0,3.0
1.0,0.6,0.7499999999999999,5.0
0.75,1.0,0.8571428571428571,3.0
1.0,1.0,1.0,6.0
1.0,1.0,1.0,3.0
1.0,0.5,0.6666666666666666,2.0
1.0,1.0,1.0,6.0
1.0,1.0,1.0,4.0
0.0,0.0,0.0,2.0
1.0,1.0,1.0,3.0
1.0,0.6666666666666666,0.8,3.0
1.0,0.5,0.6666666666666666,8.0
1.0,0.14285714285714285,0.25,7.0
0.75,1.0,0.8571428571428571,3.0
1.0,0.6666666666666666,0.8,6.0
1.0,0.5,0.6666666666666666,4.0
0.0,0.0,0.0,0.0
0.0,0.0,0.0,0.0
0.0,0.0,0.0,0.0
0.0,0.0,0.0,0.0
0.0,0.0,0.0,0.0
0.0,0.0,0.0,0.0
0.0,0.0,0.0,0.0
0.0,0.0,0.0,0.0
0.0,0.0,0.0,0.0
0.0,0.0,0.0,0.0
0.0,0.0,0.0,0.0
0.0,0.0,0.0,0.0
0.0,0.0,0.0,0.0
0.0,0.0,0.0,0.0
0.0,0.0,0.0,0.0
0.0,0.0,0.0,0.0
0.0,0.0,0.0,0.0
0.0,0.0,0.0,0.0
0.0,0.0,0.0,0.0
0.0,0.0,0.0,0.0
0.0,0.0,0.0,0.0
0.0,0.0,0.0,0.0
0.0,0.0,0.0,0.0
0.0,0.0,0.0,0.0
0.0,0.0,0.0,0.0
0.0,0.0,0.0,0.0
0.0,0.0,0.0,0.0
0.0,0.0,0.0,0.0
0.0,0.0,0.0,0.0
0.0,0.0,0.0,0.0
0.0,0.0,0.0,0.0
0.0,0.0,0.0,0.0
0.0,0.0,0.0,0.0
0.0,0.0,0.0,0.0
0.0,0.0,0.0,0.0
0.0,0.0,0.0,0.0
0.0,0.0,0.0,0.0
0.0,0.0,0.0,0.0
0.0,0.0,0.0,0.0
0.0,0.0,0.0,0.0
0.0,0.0,0.0,0.0
0.0,0.0,0.0,0.0
0.0,0.0,0.0,0.0
0.0,0.0,0.0,0.0
0.0,0.0,0.0,0.0
0.0,0.0,0.0,0.0
0.0,0.0,0.0,0.0
0.0,0.0,0.0,0.0
0.0,0.0,0.0,0.0
0.0,0.0,0.0,0.0
0.0,0.0,0.0,0.0
0.0,0.0,0.0,0.0
0.0,0.0,0.0,0.0
0.0,0.0,0.0,0.0
0.0,0.0,0.0,0.0
0.0,0.0,0.0,0.0
0.0,0.0,0.0,0.0
0.0,0.0,0.0,0.0
0.0,0.0,0.0,0.0
0.0,0.0,0.0,0.0
0.0,0.0,0.0,0.0
0.0,0.0,0.0,0.0
0.0,0.0,0.0,0.0
0.0,0.0,0.0,0.0
0.0,0.0,0.0,0.0
0.0,0.0,0.0,0.0
0.0,0.0,0.0,0.0
0.0,0.0,0.0,0.0
0.0,0.0,0.0,0.0
0.0,0.0,0.0,0.0
0.0,0.0,0.0,0.0
0.0,0.0,0.0,0.0
0.0,0.0,0.0,0.0
0.0,0.0,0.0,0.0
0.0,0.0,0.0,0.0
0.0,0.0,0.0,0.0
0.0,0.0,0.0,0.0
0.0,0.0,0.0,0.0
0.0,0.0,0.0,0.0
0.0,0.0,0.0,0.0
0.0,0.0,0.0,0.0
0.0,0.0,0.0,0.0
0.0,0.0,0.0,0.0
0.0,0.0,0.0,0.0
0.0,0.0,0.0,0.0
0.0,0.0,0.0,0.0
0.0,0.0,0.0,0.0
0.0,0.0,0.0,0.0
0.0,0.0,0.0,0.0
0.0,0.0,0.0,0.0
0.0,0.0,0.0,0.0
0.0,0.0,0.0,0.0
0.0,0.0,0.0,0.0
0.0,0.0,0.0,0.0
0.0,0.0,0.0,0.0
0.0,0.0,0.0,0.0
0.0,0.0,0.0,0.0
0.0,0.0,0.0,0.0
0.0,0.0,0.0,0.0
0.0,0.0,0.0,0.0
0.0,0.0,0.0,0.0
0.0,0.0,0.0,0.0
0.0,0.0,0.0,0.0
0.0,0.0,0.0,0.0
0.0,0.0,0.0,0.0
0.0,0.0,0.0,0.0
0.0,0.0,0.0,0.0
0.0,0.0,0.0,0.0
0.0,0.0,0.0,0.0
0.0,0.0,0.0,0.0
0.0,0.0,0.0,0.0
0.0,0.0,0.0,0.0
0.0,0.0,0.0,0.0
0.0,0.0,0.0,0.0
0.0,0.0,0.0,0.0
0.0,0.0,0.0,0.0
0.0,0.0,0.0,0.0
0.0,0.0,0.0,0.0
0.0,0.0,0.0,0.0
0.0,0.0,0.0,0.0
0.0,0.0,0.0,0.0
0.0,0.0,0.0,0.0
0.0,0.0,0.0,0.0
0.0,0.0,0.0,0.0
0.0,0.0,0.0,0.0
0.0,0.0,0.0,0.0
0.0,0.0,0.0,0.0
0.0,0.0,0.0,0.0
0.0,0.0,0.0,0.0
0.0,0.0,0.0,0.0
0.0,0.0,0.0,0.0
0.0,0.0,0.0,0.0
0.0,0.0,0.0,0.0
0.0,0.0,0.0,0.0
0.0,0.0,0.0,0.0
0.0,0.0,0.0,0.0
0.0,0.0,0.0,0.0
0.0,0.0,0.0,0.0
0.0,0.0,0.0,0.0
0.0,0.0,0.0,0.0
0.0,0.0,0.0,0.0
0.0,0.0,0.0,0.0
0.0,0.0,0.0,0.0
0.0,0.0,0.0,0.0
0.0,0.0,0.0,0.0
0.0,0.0,0.0,0.0
0.0,0.0,0.0,0.0
0.0,0.0,0.0,0.0
0.0,0.0,0.0,0.0
0.0,0.0,0.0,0.0
0.0,0.0,0.0,0.0
0.0,0.0,0.0,0.0
0.0,0.0,0.0,0.0
0.0,0.0,0.0,0.0
0.0,0.0,0.0,0.0
0.0,0.0,0.0,0.0
0.0,0.0,0.0,0.0
0.0,0.0,0.0,0.0
0.0,0.0,0.0,0.0
0.0,0.0,0.0,0.0
0.0,0.0,0.0,0.0
0.0,0.0,0.0,0.0
0.0,0.0,0.0,0.0
0.0,0.0,0.0,0.0
0.0,0.0,0.0,0.0
0.0,0.0,0.0,0.0
0.0,0.0,0.0,0.0
0.0,0.0,0.0,0.0
0.0,0.0,0.0,0.0
0.0,0.0,0.0,0.0
0.0,0.0,0.0,0.0
0.0,0.0,0.0,0.0
0.0,0.0,0.0,0.0
0.0,0.0,0.0,0.0
0.0,0.0,0.0,0.0
0.0,0.0,0.0,0.0
0.0,0.0,0.0,0.0
0.0,0.0,0.0,0.0
0.0,0.0,0.0,0.0
0.0,0.0,0.0,0.0
0.0,0.0,0.0,0.0
0.0,0.0,0.0,0.0
0.0,0.0,0.0,0.0
0.0,0.0,0.0,0.0
0.0,0.0,0.0,0.0
0.0,0.0,0.0,0.0
0.0,0.0,0.0,0.0
0.0,0.0,0.0,0.0
0.0,0.0,0.0,0.0
0.0,0.0,0.0,0.0
0.0,0.0,0.0,0.0
0.0,0.0,0.0,0.0
0.0,0.0,0.0,0.0
0.0,0.0,0.0,0.0
0.0,0.0,0.0,0.0
0.0,0.0,0.0,0.0
0.0,0.0,0.0,0.0
0.0,0.0,0.0,0.0
0.0,0.0,0.0,0.0
0.0,0.0,0.0,0.0
0.0,0.0,0.0,0.0
0.0,0.0,0.0,0.0
0.0,0.0,0.0,0.0
0.0,0.0,0.0,0.0
0.0,0.0,0.0,0.0
0.0,0.0,0.0,0.0
0.0,0.0,0.0,0.0
0.0,0.0,0.0,0.0
0.0,0.0,0.0,0.0
0.0,0.0,0.0,0.0
0.0,0.0,0.0,0.0
0.0,0.0,0.0,0.0
0.0,0.0,0.0,0.0
0.0,0.0,0.0,0.0
0.0,0.0,0.0,0.0
0.0,0.0,0.0,0.0
0.0,0.0,0.0,0.0
0.0,0.0,0.0,0.0
0.0,0.0,0.0,0.0
0.0,0.0,0.0,0.0
0.0,0.0,0.0,0.0
0.0,0.0,0.0,0.0
0.0,0.0,0.0,0.0
0.0,0.0,0.0,0.0
0.0,0.0,0.0,0.0
0.0,0.0,0.0,0.0
0.0,0.0,0.0,0.0
0.0,0.0,0.0,0.0
0.0,0.0,0.0,0.0
0.0,0.0,0.0,0.0
0.0,0.0,0.0,0.0
0.0,0.0,0.0,0.0
0.0,0.0,0.0,0.0
0.0,0.0,0.0,0.0
0.0,0.0,0.0,0.0
0.0,0.0,0.0,0.0
0.0,0.0,0.0,0.0
0.0,0.0,0.0,0.0
0.0,0.0,0.0,0.0
0.0,0.0,0.0,0.0
0.0,0.0,0.0,0.0
0.0,0.0,0.0,0.0
0.0,0.0,0.0,0.0
0.0,0.0,0.0,0.0
0.0,0.0,0.0,0.0
0.0,0.0,0.0,0.0
0.0,0.0,0.0,0.0
0.0,0.0,0.0,0.0
0.0,0.0,0.0,0.0
0.0,0.0,0.0,0.0
0.0,0.0,0.0,0.0
0.0,0.0,0.0,0.0
0.0,0.0,0.0,0.0
0.0,0.0,0.0,0.0
0.0,0.0,0.0,0.0
0.0,0.0,0.0,0.0
0.0,0.0,0.0,0.0
0.0,0.0,0.0,0.0
0.0,0.0,0.0,0.0
0.0,0.0,0.0,0.0
0.0,0.0,0.0,0.0
0.0,0.0,0.0,0.0
0.0,0.0,0.0,0.0
0.0,0.0,0.0,0.0
0.0,0.0,0.0,0.0
0.0,0.0,0.0,0.0
0.0,0.0,0.0,0.0
0.0,0.0,0.0,0.0
0.0,0.0,0.0,0.0
0.0,0.0,0.0,0.0
0.0,0.0,0.0,0.0
0.0,0.0,0.0,0.0
0.0,0.0,0.0,0.0
0.0,0.0,0.0,0.0
0.0,0.0,0.0,0.0
0.0,0.0,0.0,0.0
0.0,0.0,0.0,0.0
0.0,0.0,0.0,0.0
0.0,0.0,0.0,0.0
0.0,0.0,0.0,0.0
0.0,0.0,0.0,0.0
0.0,0.0,0.0,0.0
0.0,0.0,0.0,0.0
0.0,0.0,0.0,0.0
0.0,0.0,0.0,0.0
0.0,0.0,0.0,0.0
0.0,0.0,0.0,0.0
0.0,0.0,0.0,0.0
0.0,0.0,0.0,0.0
0.0,0.0,0.0,0.0
0.0,0.0,0.0,0.0
0.0,0.0,0.0,0.0
0.0,0.0,0.0,0.0
0.0,0.0,0.0,0.0
0.0,0.0,0.0,0.0
0.0,0.0,0.0,0.0
0.0,0.0,0.0,0.0
0.0,0.0,0.0,0.0
0.0,0.0,0.0,0.0
0.0,0.0,0.0,0.0
0.0,0.0,0.0,0.0
0.0,0.0,0.0,0.0
0.0,0.0,0.0,0.0
0.0,0.0,0.0,0.0
0.0,0.0,0.0,0.0
0.0,0.0,0.0,0.0
0.0,0.0,0.0,0.0
0.0,0.0,0.0,0.0
0.0,0.0,0.0,0.0
0.0,0.0,0.0,0.0
0.0,0.0,0.0,0.0
0.0,0.0,0.0,0.0
0.0,0.0,0.0,0.0
0.0,0.0,0.0,0.0
0.0,0.0,0.0,0.0
0.0,0.0,0.0,0.0
0.0,0.0,0.0,0.0
0.0,0.0,0.0,0.0
0.0,0.0,0.0,0.0
0.0,0.0,0.0,0.0
0.0,0.0,0.0,0.0
0.0,0.0,0.0,0.0
0.0,0.0,0.0,0.0
0.0,0.0,0.0,0.0
0.0,0.0,0.0,0.0
0.0,0.0,0.0,0.0
0.0,0.0,0.0,0.0
0.0,0.0,0.0,0.0
0.0,0.0,0.0,0.0
0.0,0.0,0.0,0.0
0.0,0.0,0.0,0.0
0.0,0.0,0.0,0.0
0.0,0.0,0.0,0.0
0.0,0.0,0.0,0.0
0.0,0.0,0.0,0.0
0.0,0.0,0.0,0.0
0.0,0.0,0.0,0.0
0.0,0.0,0.0,0.0
0.0,0.0,0.0,0.0
0.0,0.0,0.0,0.0
0.0,0.0,0.0,0.0
0.0,0.0,0.0,0.0
0.0,0.0,0.0,0.0
0.0,0.0,0.0,0.0
0.0,0.0,0.0,0.0
0.0,0.0,0.0,0.0
0.0,0.0,0.0,0.0
0.0,0.0,0.0,0.0
0.0,0.0,0.0,0.0
0.0,0.0,0.0,0.0
0.0,0.0,0.0,0.0
0.0,0.0,0.0,0.0
0.0,0.0,0.0,0.0
0.0,0.0,0.0,0.0
0.0,0.0,0.0,0.0
0.0,0.0,0.0,0.0
0.0,0.0,0.0,0.0
0.0,0.0,0.0,0.0
0.0,0.0,0.0,0.0
0.0,0.0,0.0,0.0
0.0,0.0,0.0,0.0
0.0,0.0,0.0,0.0
0.0,0.0,0.0,0.0
0.0,0.0,0.0,0.0
0.0,0.0,0.0,0.0
0.0,0.0,0.0,0.0
0.0,0.0,0.0,0.0
0.0,0.0,0.0,0.0
0.0,0.0,0.0,0.0
0.0,0.0,0.0,0.0
0.0,0.0,0.0,0.0
0.0,0.0,0.0,0.0
0.0,0.0,0.0,0.0
0.0,0.0,0.0,0.0
0.0,0.0,0.0,0.0
0.0,0.0,0.0,0.0
0.0,0.0,0.0,0.0
0.0,0.0,0.0,0.0
0.0,0.0,0.0,0.0
0.0,0.0,0.0,0.0
0.0,0.0,0.0,0.0
0.0,0.0,0.0,0.0
0.0,0.0,0.0,0.0
0.0,0.0,0.0,0.0
0.0,0.0,0.0,0.0
0.0,0.0,0.0,0.0
0.0,0.0,0.0,0.0
0.0,0.0,0.0,0.0
0.0,0.0,0.0,0.0
0.0,0.0,0.0,0.0
0.0,0.0,0.0,0.0
0.0,0.0,0.0,0.0
0.0,0.0,0.0,0.0
0.0,0.0,0.0,0.0
0.0,0.0,0.0,0.0
0.0,0.0,0.0,0.0
0.0,0.0,0.0,0.0
0.0,0.0,0.0,0.0
0.0,0.0,0.0,0.0
0.0,0.0,0.0,0.0
0.0,0.0,0.0,0.0
0.0,0.0,0.0,0.0
0.0,0.0,0.0,0.0
0.0,0.0,0.0,0.0
0.0,0.0,0.0,0.0
0.0,0.0,0.0,0.0
0.0,0.0,0.0,0.0
0.0,0.0,0.0,0.0
0.0,0.0,0.0,0.0
0.0,0.0,0.0,0.0
0.0,0.0,0.0,0.0
0.0,0.0,0.0,0.0
0.7672380952380953,0.7672380952380953,0.7672380952380953,0.7672380952380953
0.5142678315961579,0.4249000582155089,0.4532033101079993,2625.0
0.9404734693877551,0.7672380952380953,0.8220502937611474,2625.0
